{
  "generator-jhipster": {
    "applicationType": "monolith",
    "authenticationType": "jwt",
    "baseName": "jhipsterSampleApplication",
    "blueprints": [],
    "buildTool": "maven",
    "cacheProvider": "no",
    "clientFramework": "angularX",
    "clientPackageManager": "npm",
    "clientTheme": "none",
    "clientThemeVariant": "",
    "creationTimestamp": 1664014726532,
    "databaseType": "sql",
    "devDatabaseType": "mysql",
    "devServerPort": 4200,
    "dtoSuffix": "DTO",
    "enableGradleEnterprise": false,
    "enableHibernateCache": false,
    "enableSwaggerCodegen": "true",
    "enableTranslation": true,
    "entitySuffix": "",
    "gitCompany": "",
    "jhiPrefix": "jhi",
    "jhipsterVersion": "7.9.3",
    "jwtSecretKey": "OTlhZDcyNjk5MzI1MjE3NmIzMjEyYzRiY2MxZGIzYzNjMGM3M2NiMWQ0YzgwZDIwYzc4MzIxZThkYmRlZTQ0ZDNkNmVhNjBhNTkxOTEwODAzODg4MDZjMzhkMThlY2U2MjhlYTI5M2UxYTk3MTY2ZjMzZjc2MDc2NjM5M2IwN2I=",
    "languages": ["en"],
    "messageBroker": false,
    "nativeLanguage": "en",
    "otherModules": [],
    "packageFolder": "com/mycompany/myapp",
    "packageName": "com.mycompany.myapp",
    "pages": [],
    "prodDatabaseType": "mysql",
    "reactive": false,
    "searchEngine": false,
    "serverPort": 8080,
    "serviceDiscoveryType": false,
    "skipCheckLengthOfIdentifier": false,
    "skipClient": false,
    "skipFakeData": false,
    "skipUserManagement": false,
    "testFrameworks": [],
    "useSass": true,
    "websocket": false,
    "withAdminUi": true
  }
}
